Fund Name,P1,P2,P3,P4,P5,Topsis Score,Rank
M1,0.71,0.5,3.9,33.8,9.73,0.4077532410353378,7
M2,0.88,0.77,5.2,45.8,13.16,0.6294953788072107,3
M3,0.78,0.61,3.8,40.1,11.32,0.4445101842099817,5
M4,0.91,0.83,5.8,43.8,12.84,0.6925261837072115,2
M5,0.76,0.58,6.4,34.8,10.64,0.5596223457616183,4
M6,0.89,0.79,6.7,40.3,12.17,0.7094488548429883,1
M7,0.67,0.45,5.7,62.7,17.38,0.4257064628158893,6
M8,0.62,0.38,4.3,54.1,14.85,0.300986306288202,8
